Date,price
2000-01-01 00:00:00,180.8
2000-02-01 00:00:00,180.7
2000-03-01 00:00:00,180.3
2000-04-01 00:00:00,179.8
2000-05-01 00:00:00,178.4
2000-06-01 00:00:00,178.8
2000-07-01 00:00:00,178.3
2000-08-01 00:00:00,177.4
2000-09-01 00:00:00,175.8
2000-10-01 00:00:00,175.9
2000-11-01 00:00:00,177.1
2000-12-01 00:00:00,176.1
2001-01-01 00:00:00,175.6
2001-02-01 00:00:00,174.0
2001-03-01 00:00:00,172.0
2001-04-01 00:00:00,173.9
2001-05-01 00:00:00,175.1
2001-06-01 00:00:00,176.3
2001-07-01 00:00:00,177.2
2001-08-01 00:00:00,175.6
2001-09-01 00:00:00,172.7
2001-10-01 00:00:00,173.5
2001-11-01 00:00:00,174.8
2001-12-01 00:00:00,175.5
2002-01-01 00:00:00,173.9
2002-02-01 00:00:00,177.0
2002-03-01 00:00:00,178.4
2002-04-01 00:00:00,173.0
2002-05-01 00:00:00,171.5
2002-06-01 00:00:00,172.0
2002-07-01 00:00:00,172.3
2002-08-01 00:00:00,173.0
2002-09-01 00:00:00,175.0
2002-10-01 00:00:00,175.2
2002-11-01 00:00:00,177.1
2002-12-01 00:00:00,178.6
2003-01-01 00:00:00,179.1
2003-02-01 00:00:00,182.1
2003-03-01 00:00:00,179.9
2003-04-01 00:00:00,176.5
2003-05-01 00:00:00,174.8
2003-06-01 00:00:00,176.2
2003-07-01 00:00:00,176.1
2003-08-01 00:00:00,176.0
2003-09-01 00:00:00,176.3
2003-10-01 00:00:00,178.0
2003-11-01 00:00:00,183.2
2003-12-01 00:00:00,187.1
2004-01-01 00:00:00,190.9
2004-02-01 00:00:00,192.6
2004-03-01 00:00:00,188.6
2004-04-01 00:00:00,180.3
2004-05-01 00:00:00,178.0
2004-06-01 00:00:00,179.4
2004-07-01 00:00:00,179.8
2004-08-01 00:00:00,183.9
2004-09-01 00:00:00,183.7
2004-10-01 00:00:00,184.6
2004-11-01 00:00:00,186.7
2004-12-01 00:00:00,187.7
2005-01-01 00:00:00,188.5
2005-02-01 00:00:00,189.6
2005-03-01 00:00:00,187.2
2005-04-01 00:00:00,180.9
2005-05-01 00:00:00,180.0
2005-06-01 00:00:00,183.6
2005-07-01 00:00:00,186.1
2005-08-01 00:00:00,184.8
2005-09-01 00:00:00,184.9
2005-10-01 00:00:00,187.0
2005-11-01 00:00:00,191.0
2005-12-01 00:00:00,196.2
2006-01-01 00:00:00,205.5
2006-02-01 00:00:00,209.0
2006-03-01 00:00:00,209.4
2006-04-01 00:00:00,198.9
2006-05-01 00:00:00,199.2
2006-06-01 00:00:00,200.0
2006-07-01 00:00:00,201.1
2006-08-01 00:00:00,207.4
2006-09-01 00:00:00,216.8
2006-10-01 00:00:00,221.2
2006-11-01 00:00:00,228.4
2006-12-01 00:00:00,233.7
2007-01-01 00:00:00,234.5
2007-02-01 00:00:00,232.1
2007-03-01 00:00:00,224.5
2007-04-01 00:00:00,218.5
2007-05-01 00:00:00,217.0
2007-06-01 00:00:00,217.1
2007-07-01 00:00:00,222.6
2007-08-01 00:00:00,224.3
2007-09-01 00:00:00,224.2
2007-10-01 00:00:00,227.1
2007-11-01 00:00:00,230.2
2007-12-01 00:00:00,229.8
2008-01-01 00:00:00,231.4
2008-02-01 00:00:00,232.6
2008-03-01 00:00:00,233.4
2008-04-01 00:00:00,233.4
2008-05-01 00:00:00,232.6
2008-06-01 00:00:00,233.8
2008-07-01 00:00:00,240.8
2008-08-01 00:00:00,239.9
2008-09-01 00:00:00,241.7
2008-10-01 00:00:00,238.5
2008-11-01 00:00:00,239.3
2008-12-01 00:00:00,240.9
2009-01-01 00:00:00,243.6
2009-02-01 00:00:00,246.8
2009-03-01 00:00:00,244.2
2009-04-01 00:00:00,246.8
2009-05-01 00:00:00,249.9
2009-06-01 00:00:00,249.0
2009-07-01 00:00:00,248.6
2009-08-01 00:00:00,247.6
2009-09-01 00:00:00,253.4
2009-10-01 00:00:00,260.7
2009-11-01 00:00:00,279.7
2009-12-01 00:00:00,288.1
2010-01-01 00:00:00,289.7
2010-02-01 00:00:00,288.9
2010-03-01 00:00:00,280.6
2010-04-01 00:00:00,267.2
2010-05-01 00:00:00,265.3
2010-06-01 00:00:00,268.5
2010-07-01 00:00:00,269.6
2010-08-01 00:00:00,270.2
2010-09-01 00:00:00,171.6
2010-10-01 00:00:00,168.2
2010-11-01 00:00:00,172.7
2010-12-01 00:00:00,173.3
2011-01-01 00:00:00,175.2
2011-02-01 00:00:00,177.1
2011-03-01 00:00:00,173.1
2011-04-01 00:00:00,169.2
2011-05-01 00:00:00,167.4
2011-06-01 00:00:00,168.7
2011-07-01 00:00:00,170.8
2011-08-01 00:00:00,168.9
2011-09-01 00:00:00,166.9
2011-10-01 00:00:00,165.3
2011-11-01 00:00:00,164.3
2011-12-01 00:00:00,166.6
2012-01-01 00:00:00,169.2
2012-02-01 00:00:00,170.1
2012-03-01 00:00:00,172.1
2012-04-01 00:00:00,179.3
2012-05-01 00:00:00,178.7
2012-06-01 00:00:00,180.1
2012-07-01 00:00:00,181.8
2012-08-01 00:00:00,190.8
2012-09-01 00:00:00,198.4
2012-10-01 00:00:00,198.0
2012-11-01 00:00:00,202.5
2012-12-01 00:00:00,204.3
2013-01-01 00:00:00,206.2
2013-02-01 00:00:00,207.2
2013-03-01 00:00:00,205.4
2013-04-01 00:00:00,203.6
2013-05-01 00:00:00,200.8
2013-06-01 00:00:00,205.2
2013-07-01 00:00:00,206.6
2013-08-01 00:00:00,208.7
2013-09-01 00:00:00,212.9
2013-10-01 00:00:00,213.6
2013-11-01 00:00:00,216.7
2013-12-01 00:00:00,219.9
2014-01-01 00:00:00,220.2
2014-02-01 00:00:00,220.9
2014-03-01 00:00:00,218.1
2014-04-01 00:00:00,212.6
2014-05-01 00:00:00,207.7
2014-06-01 00:00:00,207.0
2014-07-01 00:00:00,208.8
2014-08-01 00:00:00,210.2
2014-09-01 00:00:00,209.8
2014-10-01 00:00:00,209.5
2014-11-01 00:00:00,211.9
2014-12-01 00:00:00,214.7
2015-01-01 00:00:00,216.6
2015-02-01 00:00:00,215.6
2015-03-01 00:00:00,215.5
2015-04-01 00:00:00,216.1
2015-05-01 00:00:00,213.1
2015-06-01 00:00:00,210.8
2015-07-01 00:00:00,212.9
2015-08-01 00:00:00,214.6
2015-09-01 00:00:00,216.7
2015-10-01 00:00:00,219.1
2015-11-01 00:00:00,221.3
2015-12-01 00:00:00,223.1
2016-01-01 00:00:00,228.6
2016-02-01 00:00:00,228.6
2016-03-01 00:00:00,228.2
2016-04-01 00:00:00,226.9
2016-05-01 00:00:00,227.7
2016-06-01 00:00:00,231.5
2016-07-01 00:00:00,233.8
2016-08-01 00:00:00,236.8
2016-09-01 00:00:00,238.3
2016-10-01 00:00:00,239.2
2016-11-01 00:00:00,251.9
2016-12-01 00:00:00,258.3
2017-01-01 00:00:00,256.6
2017-02-01 00:00:00,253.9
2017-03-01 00:00:00,245.2
2017-04-01 00:00:00,141.0
2017-05-01 00:00:00,137.5
2017-06-01 00:00:00,136.1
2017-07-01 00:00:00,136.3
2017-08-01 00:00:00,137.1
2017-09-01 00:00:00,137.6
2017-10-01 00:00:00,138.0
2017-11-01 00:00:00,139.4
2017-12-01 00:00:00,139.4
2018-01-01 00:00:00,140.8
2018-02-01 00:00:00,140.0
2018-03-01 00:00:00,141.2
2018-04-01 00:00:00,140.9
2018-05-01 00:00:00,141.7
2018-06-01 00:00:00,143.1
2018-07-01 00:00:00,145.0
2018-08-01 00:00:00,148.6
2018-09-01 00:00:00,149.8
2018-10-01 00:00:00,151.1
2018-11-01 00:00:00,152.2
2018-12-01 00:00:00,152.8
2019-01-01 00:00:00,154.8
2019-02-01 00:00:00,157.2
2019-03-01 00:00:00,155.5
2019-04-01 00:00:00,151.5
2019-05-01 00:00:00,150.7
2019-06-01 00:00:00,150.8
2019-07-01 00:00:00,153.4
2019-08-01 00:00:00,156.5
2019-09-01 00:00:00,158.3
2019-10-01 00:00:00,160.4
2019-11-01 00:00:00,164.5
2019-12-01 00:00:00,165.7
2020-01-01 00:00:00,168.7
2020-02-01 00:00:00,167.3
2020-03-01 00:00:00,162.9
2020-04-01 00:00:00,161.2
2020-05-01 00:00:00,161.5
2020-06-01 00:00:00,158.5
2020-07-01 00:00:00,157.3
2020-08-01 00:00:00,154.2
2020-09-01 00:00:00,150.0
2020-10-01 00:00:00,147.4
2020-11-01 00:00:00,147.9
2020-12-01 00:00:00,147.3
2021-01-01 00:00:00,149.1
2021-02-01 00:00:00,149.6
2021-03-01 00:00:00,150.3
2021-04-01 00:00:00,156.1
2021-05-01 00:00:00,157.4
2021-06-01 00:00:00,155.7
2021-07-01 00:00:00,152.8
2021-08-01 00:00:00,153.9
2021-09-01 00:00:00,156.6
2021-10-01 00:00:00,159.4
2021-11-01 00:00:00,162.9
2021-12-01 00:00:00,164.1
2022-01-01 00:00:00,164.6
2022-02-01 00:00:00,166.1
2022-03-01 00:00:00,171.4
2022-04-01 00:00:00,173.3
2022-05-01 00:00:00,174.1
2022-06-01 00:00:00,171.8
2022-07-01 00:00:00,173.6
2022-08-01 00:00:00,175.6
2022-09-01 00:00:00,176.8
2022-10-01 00:00:00,177.1
2022-11-01 00:00:00,177.6
2022-12-01 00:00:00,178.1
2023-01-01 00:00:00,179.9
2023-02-01 00:00:00,183.8
2023-03-01 00:00:00,185.1
2023-04-01 00:00:00,185.9
2023-05-01 00:00:00,186.3
2023-06-01 00:00:00,187.3
2023-07-01 00:00:00,187.1
2023-08-01 00:00:00,188.3
2023-09-01 00:00:00,190.7
2023-10-01 00:00:00,194.0
2023-11-01 00:00:00,197.3
2023-12-01 00:00:00,197.4