Date,Rice,Wheat,Maize,Potatoes,Onions
2000-01-01 00:00:00,166.9,180.8,189.0,70.7,89.8
2000-02-01 00:00:00,166.0,180.7,188.3,58.6,77.4
2000-03-01 00:00:00,166.6,180.3,192.4,67.0,83.0
2000-04-01 00:00:00,169.9,179.8,191.2,68.7,81.6
2000-05-01 00:00:00,171.0,178.4,186.9,77.8,88.9
2000-06-01 00:00:00,171.9,178.8,188.3,99.1,94.4
2000-07-01 00:00:00,173.1,178.3,184.9,102.6,81.9
2000-08-01 00:00:00,170.5,177.4,183.3,98.8,82.8
2000-09-01 00:00:00,167.6,175.8,172.1,88.4,97.8
2000-10-01 00:00:00,164.3,175.9,169.0,82.6,112.3
2000-11-01 00:00:00,162.8,177.1,172.6,82.6,135.2
2000-12-01 00:00:00,164.8,176.1,175.0,75.1,142.5
2001-01-01 00:00:00,164.8,175.6,175.1,68.2,135.3
2001-02-01 00:00:00,163.8,174.0,173.5,77.2,118.7
2001-03-01 00:00:00,165.1,172.0,174.6,93.9,113.7
2001-04-01 00:00:00,166.8,173.9,176.4,144.3,98.0
2001-05-01 00:00:00,169.3,175.1,174.8,197.0,91.2
2001-06-01 00:00:00,171.0,176.3,186.2,202.9,94.7
2001-07-01 00:00:00,171.1,177.2,175.7,203.0,101.4
2001-08-01 00:00:00,168.6,175.6,172.2,203.4,126.0
2001-09-01 00:00:00,169.8,172.7,171.2,203.9,136.8
2001-10-01 00:00:00,168.9,173.5,161.5,235.4,155.6
2001-11-01 00:00:00,168.3,174.8,158.7,260.3,202.7
2001-12-01 00:00:00,165.6,175.5,162.2,229.2,162.8
2002-01-01 00:00:00,161.5,173.9,167.3,182.7,114.3
2002-02-01 00:00:00,161.6,177.0,172.3,151.4,100.8
2002-03-01 00:00:00,161.6,178.4,179.6,167.9,102.0
2002-04-01 00:00:00,162.4,173.0,178.7,175.1,97.2
2002-05-01 00:00:00,162.5,171.5,176.5,188.6,89.1
2002-06-01 00:00:00,162.6,172.0,179.0,204.2,117.5
2002-07-01 00:00:00,166.4,172.3,184.6,216.6,142.6
2002-08-01 00:00:00,168.0,173.0,196.0,239.9,146.4
2002-09-01 00:00:00,168.6,175.0,189.7,260.4,162.8
2002-10-01 00:00:00,167.0,175.2,178.8,286.9,183.4
2002-11-01 00:00:00,166.9,177.1,188.6,272.3,181.7
2002-12-01 00:00:00,165.8,178.6,195.2,132.1,126.7
2003-01-01 00:00:00,165.9,179.1,196.7,97.6,105.3
2003-02-01 00:00:00,167.0,182.1,203.8,102.9,105.2
2003-03-01 00:00:00,168.4,179.9,206.0,102.8,107.0
2003-04-01 00:00:00,168.3,176.5,197.8,98.2,119.5
2003-05-01 00:00:00,169.9,174.8,193.2,93.9,131.7
2003-06-01 00:00:00,171.0,176.2,193.6,119.0,144.0
2003-07-01 00:00:00,171.9,176.1,185.8,134.8,159.3
2003-08-01 00:00:00,172.4,176.0,176.2,124.0,158.1
2003-09-01 00:00:00,172.6,176.3,174.5,126.3,162.9
2003-10-01 00:00:00,172.7,178.0,170.3,120.9,182.6
2003-11-01 00:00:00,169.3,183.2,167.2,124.6,198.3
2003-12-01 00:00:00,163.2,187.1,172.0,107.2,182.3
2004-01-01 00:00:00,164.4,190.9,180.2,96.6,212.5
2004-02-01 00:00:00,165.5,192.6,183.5,91.0,222.6
2004-03-01 00:00:00,164.5,188.6,180.5,100.8,164.0
2004-04-01 00:00:00,163.3,180.3,181.5,128.2,147.4
2004-05-01 00:00:00,164.9,178.0,188.2,163.1,133.1
2004-06-01 00:00:00,166.6,179.4,182.3,184.7,132.9
2004-07-01 00:00:00,167.1,179.8,186.1,183.0,136.7
2004-08-01 00:00:00,169.0,183.9,194.9,200.6,143.7
2004-09-01 00:00:00,170.2,183.7,190.4,223.0,149.2
2004-10-01 00:00:00,170.1,184.6,183.4,229.1,148.3
2004-11-01 00:00:00,169.1,186.7,180.6,191.5,154.5
2004-12-01 00:00:00,168.7,187.7,185.7,126.7,126.6
2005-01-01 00:00:00,168.5,188.5,189.1,127.7,125.7
2005-02-01 00:00:00,170.2,189.6,194.6,138.3,127.2
2005-03-01 00:00:00,170.3,187.2,197.9,141.5,119.0
2005-04-01 00:00:00,170.9,180.9,202.2,174.2,115.9
2005-05-01 00:00:00,170.5,180.0,201.0,192.1,114.7
2005-06-01 00:00:00,173.7,183.6,202.9,194.7,112.1
2005-07-01 00:00:00,175.8,186.1,206.5,201.2,126.4
2005-08-01 00:00:00,177.5,184.8,204.3,198.4,150.4
2005-09-01 00:00:00,177.8,184.9,206.3,193.8,218.3
2005-10-01 00:00:00,178.1,187.0,203.5,196.2,276.3
2005-11-01 00:00:00,176.8,191.0,199.4,238.1,298.1
2005-12-01 00:00:00,173.5,196.2,204.7,232.9,220.8
2006-01-01 00:00:00,173.0,205.5,209.2,200.3,166.5
2006-02-01 00:00:00,173.3,209.0,211.2,178.6,121.8
2006-03-01 00:00:00,173.6,209.4,208.2,194.2,114.6
2006-04-01 00:00:00,174.6,198.9,209.3,192.7,115.0
2006-05-01 00:00:00,176.4,199.2,209.0,202.4,123.8
2006-06-01 00:00:00,177.3,200.0,213.4,244.4,125.3
2006-07-01 00:00:00,177.3,201.1,211.3,255.1,128.1
2006-08-01 00:00:00,178.3,207.4,218.9,262.4,132.1
2006-09-01 00:00:00,179.7,216.8,221.1,293.8,147.9
2006-10-01 00:00:00,181.5,221.2,215.9,325.7,155.4
2006-11-01 00:00:00,182.0,228.4,226.8,314.3,157.5
2006-12-01 00:00:00,181.1,233.7,239.3,209.8,159.1
2007-01-01 00:00:00,181.1,234.5,240.2,166.3,225.5
2007-02-01 00:00:00,181.9,232.1,244.8,162.7,245.8
2007-03-01 00:00:00,183.7,224.5,249.3,190.2,214.4
2007-04-01 00:00:00,185.5,218.5,248.8,202.7,176.9
2007-05-01 00:00:00,186.0,217.0,244.0,227.4,165.3
2007-06-01 00:00:00,186.5,217.1,242.6,257.5,194.6
2007-07-01 00:00:00,188.4,222.6,240.7,279.2,244.1
2007-08-01 00:00:00,190.6,224.3,236.0,289.5,280.7
2007-09-01 00:00:00,192.6,224.2,228.8,291.3,335.2
2007-10-01 00:00:00,193.2,227.1,228.3,296.3,352.7
2007-11-01 00:00:00,194.1,230.2,225.0,285.4,322.8
2007-12-01 00:00:00,193.1,229.8,223.4,260.2,238.1
2008-01-01 00:00:00,195.5,231.4,234.3,246.7,173.3
2008-02-01 00:00:00,196.8,232.6,237.2,216.6,160.5
2008-03-01 00:00:00,198.9,233.4,244.5,226.1,167.5
2008-04-01 00:00:00,201.7,233.4,246.0,214.9,167.0
2008-05-01 00:00:00,200.8,232.6,246.4,214.1,153.3
2008-06-01 00:00:00,200.7,233.8,254.6,211.3,171.7
2008-07-01 00:00:00,203.1,240.8,252.5,231.0,182.1
2008-08-01 00:00:00,203.2,239.9,252.6,237.3,220.2
2008-09-01 00:00:00,203.0,241.7,249.8,241.4,224.6
2008-10-01 00:00:00,214.9,238.5,254.4,243.6,228.7
2008-11-01 00:00:00,218.5,239.3,258.9,240.9,259.8
2008-12-01 00:00:00,222.2,240.9,254.4,195.8,273.3
2009-01-01 00:00:00,225.2,243.6,264.5,177.0,321.9
2009-02-01 00:00:00,230.5,246.8,268.4,178.1,305.2
2009-03-01 00:00:00,232.2,244.2,269.4,201.9,287.4
2009-04-01 00:00:00,231.3,246.8,277.7,249.1,233.3
2009-05-01 00:00:00,233.8,249.9,282.2,282.7,232.6
2009-06-01 00:00:00,235.8,249.0,287.3,337.2,231.4
2009-07-01 00:00:00,237.4,248.6,291.3,395.9,230.5
2009-08-01 00:00:00,238.8,247.6,299.9,405.8,229.5
2009-09-01 00:00:00,244.8,253.4,298.1,445.6,242.6
2009-10-01 00:00:00,245.6,260.7,294.8,483.8,304.4
2009-11-01 00:00:00,248.0,279.7,297.8,479.1,357.4
2009-12-01 00:00:00,251.7,288.1,295.1,363.6,370.2
2010-01-01 00:00:00,253.3,289.7,294.4,255.3,369.3
2010-02-01 00:00:00,252.5,288.9,292.5,221.9,344.5
2010-03-01 00:00:00,251.3,280.6,291.0,185.8,242.4
2010-04-01 00:00:00,252.2,267.2,291.2,180.4,214.9
2010-05-01 00:00:00,251.4,265.3,290.1,195.9,203.5
2010-06-01 00:00:00,252.0,268.5,304.7,210.7,220.4
2010-07-01 00:00:00,254.7,269.6,315.4,225.8,225.4
2010-08-01 00:00:00,256.4,270.2,321.1,211.2,237.3
2010-09-01 00:00:00,166.6,171.6,168.1,139.3,204.8
2010-10-01 00:00:00,168.7,168.2,167.2,153.3,278.4
2010-11-01 00:00:00,170.3,172.7,171.1,154.7,343.7
2010-12-01 00:00:00,171.1,173.3,171.9,171.5,469.3
2011-01-01 00:00:00,170.6,175.2,174.7,128.7,619.4
2011-02-01 00:00:00,170.4,177.1,183.1,108.3,260.6
2011-03-01 00:00:00,167.0,173.1,191.9,106.9,179.1
2011-04-01 00:00:00,167.3,169.2,202.8,109.1,156.9
2011-05-01 00:00:00,169.7,167.4,208.6,118.2,150.3
2011-06-01 00:00:00,169.0,168.7,207.2,125.9,174.4
2011-07-01 00:00:00,169.9,170.8,205.7,143.1,200.9
2011-08-01 00:00:00,172.9,168.9,209.3,154.8,244.8
2011-09-01 00:00:00,173.3,166.9,201.1,159.2,257.6
2011-10-01 00:00:00,176.3,165.3,194.1,154.9,231.3
2011-11-01 00:00:00,175.4,164.3,194.1,140.3,222.9
2011-12-01 00:00:00,173.1,166.6,200.4,110.8,180.1
2012-01-01 00:00:00,172.2,169.2,210.1,98.9,151.0
2012-02-01 00:00:00,173.0,170.1,213.8,105.9,133.8
2012-03-01 00:00:00,175.4,172.1,220.4,126.6,136.0
2012-04-01 00:00:00,177.3,179.3,225.4,173.8,139.6
2012-05-01 00:00:00,178.0,178.7,220.5,203.5,138.2
2012-06-01 00:00:00,181.6,180.1,219.2,232.8,157.9
2012-07-01 00:00:00,186.8,181.8,221.6,247.9,180.7
2012-08-01 00:00:00,190.8,190.8,229.5,264.3,194.1
2012-09-01 00:00:00,195.1,198.4,234.1,242.7,194.0
2012-10-01 00:00:00,202.7,198.0,232.2,231.0,210.2
2012-11-01 00:00:00,202.2,202.5,233.9,235.5,259.8
2012-12-01 00:00:00,202.7,204.3,243.2,175.1,311.2
2013-01-01 00:00:00,202.8,206.2,250.4,171.2,340.0
2013-02-01 00:00:00,203.7,207.2,249.3,159.0,377.8
2013-03-01 00:00:00,206.2,205.4,249.1,146.6,286.6
2013-04-01 00:00:00,207.6,203.6,249.9,172.7,266.4
2013-05-01 00:00:00,210.9,200.8,246.8,206.1,268.5
2013-06-01 00:00:00,218.7,205.2,254.5,213.3,339.1
2013-07-01 00:00:00,226.3,206.6,254.9,232.7,445.3
2013-08-01 00:00:00,231.5,208.7,255.3,224.0,723.1
2013-09-01 00:00:00,231.4,212.9,260.4,212.9,845.6
2013-10-01 00:00:00,232.0,213.6,247.1,231.4,826.7
2013-11-01 00:00:00,232.5,216.7,251.1,317.9,782.4
2013-12-01 00:00:00,230.1,219.9,254.0,267.5,430.4
2014-01-01 00:00:00,230.0,220.2,248.6,198.6,341.6
2014-02-01 00:00:00,231.5,220.9,245.7,171.3,273.9
2014-03-01 00:00:00,232.1,218.1,246.6,192.6,243.6
2014-04-01 00:00:00,234.1,212.6,245.6,229.7,238.2
2014-05-01 00:00:00,237.8,207.7,240.3,282.6,259.2
2014-06-01 00:00:00,241.1,207.0,242.5,312.4,300.4
2014-07-01 00:00:00,244.7,208.8,253.9,344.0,408.5
2014-08-01 00:00:00,246.8,210.2,249.3,371.3,401.0
2014-09-01 00:00:00,247.3,209.8,234.6,411.9,354.7
2014-10-01 00:00:00,247.0,209.5,230.5,423.1,338.9
2014-11-01 00:00:00,245.4,211.9,232.8,426.5,349.8
2014-12-01 00:00:00,240.3,214.7,235.0,268.9,345.6
2015-01-01 00:00:00,239.2,216.6,241.5,182.7,330.2
2015-02-01 00:00:00,239.1,215.6,243.4,162.4,345.0
2015-03-01 00:00:00,233.6,215.5,251.3,151.2,332.5
2015-04-01 00:00:00,234.0,216.1,250.0,135.4,309.6
2015-05-01 00:00:00,234.4,213.1,246.2,139.3,316.6
2015-06-01 00:00:00,237.2,210.8,246.1,151.2,357.7
2015-07-01 00:00:00,237.7,212.9,245.5,175.9,406.5
2015-08-01 00:00:00,237.2,214.6,249.2,179.1,699.5
2015-09-01 00:00:00,238.0,216.7,251.3,173.1,782.8
2015-10-01 00:00:00,238.6,219.1,249.8,177.3,642.3
2015-11-01 00:00:00,237.4,221.3,259.9,201.0,505.5
2015-12-01 00:00:00,237.3,223.1,267.1,173.7,408.9
2016-01-01 00:00:00,238.9,228.6,269.1,151.5,354.8
2016-02-01 00:00:00,238.9,228.6,273.8,150.4,309.8
2016-03-01 00:00:00,238.7,228.2,273.8,161.1,273.6
2016-04-01 00:00:00,238.1,226.9,273.1,190.7,254.2
2016-05-01 00:00:00,241.8,227.7,276.7,228.2,247.9
2016-06-01 00:00:00,248.8,231.5,278.6,251.2,255.4
2016-07-01 00:00:00,253.9,233.8,289.6,285.2,259.0
2016-08-01 00:00:00,254.7,236.8,288.1,299.4,250.5
2016-09-01 00:00:00,254.9,238.3,288.3,300.5,230.2
2016-10-01 00:00:00,255.4,239.2,280.7,284.7,218.0
2016-11-01 00:00:00,254.7,251.9,275.7,275.0,245.1
2016-12-01 00:00:00,253.6,258.3,272.6,193.7,256.8
2017-01-01 00:00:00,252.0,256.6,275.6,146.3,252.5
2017-02-01 00:00:00,255.1,253.9,270.4,137.1,251.4
2017-03-01 00:00:00,256.5,245.2,269.3,133.6,244.1
2017-04-01 00:00:00,147.6,141.0,135.5,99.5,107.9
2017-05-01 00:00:00,148.0,137.5,134.2,109.0,102.3
2017-06-01 00:00:00,148.4,136.1,132.6,112.5,111.8
2017-07-01 00:00:00,149.1,136.3,129.2,132.6,117.2
2017-08-01 00:00:00,148.5,137.1,127.7,132.0,220.5
2017-09-01 00:00:00,148.8,137.6,125.1,122.3,193.8
2017-10-01 00:00:00,149.6,138.0,123.7,119.6,237.6
2017-11-01 00:00:00,149.2,139.4,119.1,119.6,335.5
2017-12-01 00:00:00,148.8,139.4,117.9,117.7,363.0
2018-01-01 00:00:00,150.4,140.8,116.4,111.4,346.2
2018-02-01 00:00:00,151.4,140.0,117.3,108.1,250.7
2018-03-01 00:00:00,152.6,141.2,117.3,130.5,157.3
2018-04-01 00:00:00,153.3,140.9,118.0,170.8,122.6
2018-05-01 00:00:00,154.2,141.7,117.6,205.5,115.8
2018-06-01 00:00:00,153.9,143.1,121.5,224.6,135.3
2018-07-01 00:00:00,155.0,145.0,121.6,232.3,169.0
2018-08-01 00:00:00,155.6,148.6,123.2,226.0,163.3
2018-09-01 00:00:00,155.7,149.8,125.7,220.0,147.8
2018-10-01 00:00:00,155.7,151.1,129.3,232.6,162.3
2018-11-01 00:00:00,155.5,152.2,131.9,225.5,175.8
2018-12-01 00:00:00,155.7,152.8,139.2,167.0,131.3
2019-01-01 00:00:00,155.8,154.8,147.9,141.4,119.1
2019-02-01 00:00:00,156.5,157.2,158.9,131.4,105.3
2019-03-01 00:00:00,156.6,155.5,163.7,133.8,108.0
2019-04-01 00:00:00,157.0,151.5,171.3,143.1,118.6
2019-05-01 00:00:00,157.6,150.7,171.3,157.9,134.2
2019-06-01 00:00:00,158.4,150.8,174.0,170.1,157.8
2019-07-01 00:00:00,159.9,153.4,181.5,176.2,181.9
2019-08-01 00:00:00,160.8,156.5,184.8,175.7,217.2
2019-09-01 00:00:00,161.9,158.3,185.8,170.4,328.7
2019-10-01 00:00:00,162.7,160.4,183.6,187.0,356.8
2019-11-01 00:00:00,162.1,164.5,172.4,206.3,478.7
2019-12-01 00:00:00,162.0,165.7,175.6,250.6,729.8
2020-01-01 00:00:00,162.3,168.7,178.8,262.3,468.5
2020-02-01 00:00:00,162.3,167.3,167.0,211.2,276.2
2020-03-01 00:00:00,159.3,162.9,158.5,215.9,229.3
2020-04-01 00:00:00,162.7,161.2,155.4,231.9,204.4
2020-05-01 00:00:00,163.1,161.5,152.0,240.9,142.0
2020-06-01 00:00:00,165.6,158.5,148.4,265.7,133.7
2020-07-01 00:00:00,165.8,157.3,147.6,297.9,135.4
2020-08-01 00:00:00,165.4,154.2,146.9,322.3,142.4
2020-09-01 00:00:00,165.0,150.0,142.5,372.6,224.7
2020-10-01 00:00:00,163.7,147.4,137.9,410.0,387.1
2020-11-01 00:00:00,163.1,147.9,139.8,491.1,442.3
2020-12-01 00:00:00,162.2,147.3,140.5,364.4,330.7
2021-01-01 00:00:00,162.0,149.1,137.4,200.7,316.0
2021-02-01 00:00:00,161.7,149.6,135.4,147.5,362.6
2021-03-01 00:00:00,161.5,150.3,135.7,143.8,241.1
2021-04-01 00:00:00,162.0,156.1,139.9,162.3,164.1
2021-05-01 00:00:00,162.2,157.4,141.5,178.0,175.0
2021-06-01 00:00:00,161.7,155.7,142.6,183.1,219.7
2021-07-01 00:00:00,161.2,152.8,147.6,188.6,232.9
2021-08-01 00:00:00,161.8,153.9,153.6,201.8,231.8
2021-09-01 00:00:00,162.3,156.6,154.8,190.2,220.4
2021-10-01 00:00:00,162.8,159.4,151.6,204.6,293.1
2021-11-01 00:00:00,162.8,162.9,150.4,254.5,290.2
2021-12-01 00:00:00,162.6,164.1,154.2,209.6,267.6
2022-01-01 00:00:00,162.9,164.6,157.4,171.7,265.5
2022-02-01 00:00:00,161.7,166.1,162.4,170.6,266.8
2022-03-01 00:00:00,163.1,171.4,169.5,181.7,218.6
2022-04-01 00:00:00,164.4,173.3,181.1,194.5,157.5
2022-05-01 00:00:00,165.1,174.1,182.3,232.0,139.3
2022-06-01 00:00:00,165.5,171.8,178.3,259.1,150.9
2022-07-01 00:00:00,166.2,173.6,186.1,291.4,172.5
2022-08-01 00:00:00,168.8,180.6,192.4,291.4,174.4
2022-09-01 00:00:00,171.7,181.8,193.4,284.9,174.2
2022-10-01 00:00:00,173.6,185.3,186.1,296.5,205.1
2022-11-01 00:00:00,173.3,192.4,182.4,289.5,234.2
2022-12-01 00:00:00,173.7,198.2,186.6,251.7,194.3
2023-01-01 00:00:00,174.6,203.9,190.9,184.6,200.5
2023-02-01 00:00:00,175.6,196.8,193.1,146.0,159.5
2023-03-01 00:00:00,175.4,187.1,193.7,135.2,138.1
2023-04-01 00:00:00,176.2,186.4,189.8,157.0,128.2
2023-05-01 00:00:00,177.2,184.9,184.5,190.0,129.2
2023-06-01 00:00:00,178.2,187.3,181.9,204.3,144.4
2023-07-01 00:00:00,181.2,187.1,186.0,221.3,184.3
2023-08-01 00:00:00,184.3,188.3,186.9,221.4,233.9
2023-09-01 00:00:00,187.0,190.7,183.9,212.2,271.9
2023-10-01 00:00:00,190.2,194.0,183.5,209.7,343.4
2023-11-01 00:00:00,191.4,197.3,183.5,210.7,471.3
2023-12-01 00:00:00,192.0,197.4,188.0,191.1,372.6
